Book Id,Title,Author,ISBN,ISBN13,My Rating,Average Rating,Publisher,Number of Pages,Year Published,Original Publication Year,Date Read,Date Added,Bookshelves,Read Count
17667561,"The Shadow Throne (Ascendance, #3)",Jennifer A. Nielsen,,,0,4.25,Scholastic Press,336.0,2014.0,2014.0,,2022-12-22,to-read,0
15703770,"The Runaway King (Ascendance, #2)",Jennifer A. Nielsen,0545284155,9780545284158,0,4.24,Scholastic Press,331.0,2013.0,2013.0,2022-12-26,2022-12-22,to-read,0
12432220,"The False Prince (Ascendance, #1)",Jennifer A. Nielsen,0545284139,9780545284134,5,4.22,"Scholastic, Inc.",342.0,2012.0,2012.0,2022-12-22,2022-12-21,read,1
56896065,"The Marvellers (Marvellerverse, #1)",Dhonielle Clayton,1250174945,9781250174949,0,4.14,Henry Holt and Co. (BYR),416.0,2022.0,2022.0,,2022-12-20,to-read,0
28588345,"The Midnight Star (The Young Elites, #3)",Marie Lu,0399167854,9780399167850,4,4.12,G.P. Putnam's Sons Books for Young Readers,316.0,2016.0,2016.0,2022-12-21,2021-04-18,read,1
53023305,"Amari and the Great Game (Supernatural Investigations, #2)",B.B. Alston,,,5,4.41,Balzer + Bray,400.0,2022.0,2022.0,2022-12-19,2022-12-16,read,1
23846013,"The Rose Society (The Young Elites, #2)",Marie Lu,0399167846,9780399167843,5,4.04,G.P. Putnam's Sons Books for Young Readers,398.0,2015.0,2015.0,2022-12-18,2021-04-18,read,1
20821111,"The Young Elites (The Young Elites, #1)",Marie Lu,0399167838,9780399167836,4,3.88,G.P. Putnam’s Sons Books for Young Readers,355.0,2014.0,2014.0,2022-12-17,2021-04-18,"try_it_later, read",1
53240817,"Amari and the Night Brothers (Supernatural Investigations, #1)",B.B. Alston,,,4,4.43,Balzer + Bray,416.0,2021.0,2021.0,2022-12-16,2022-12-16,read,1
23106013,"Battle Ground (The Dresden Files, #17)",Jim Butcher,0593199308,9780593199305,5,4.41,Ace,418.0,2020.0,2020.0,2022-12-16,2022-08-02,read,1
16053513,The Hobbit,J.R.R. Tolkien,,,5,4.28, Houghton Mifflin Harcourt,322.0,2012.0,1937.0,,2020-02-26,"to-read, read",1
26241635,Python 3 Object-oriented Programming: Building robust and maintainable software with object oriented design patterns in Python,Dusty Phillips,,,0,4.02,Packt Publishing,462.0,2015.0,2010.0,,2021-11-29,"programming, to-read",0
33986067,Deep Learning with Python,François Chollet,1617294438,9781617294433,5,4.58,Manning,350.0,2017.0,2017.0,2022-12-15,2021-12-17,"data_science, read",1
58064046,Gallant,V.E. Schwab,0062835777,9780062835772,0,3.79,Greenwillow Books,334.0,2022.0,2022.0,,2022-12-13,to-read,0
19486421,"Skin Game (The Dresden Files, #15)",Jim Butcher,0451464397,9780451464392,5,4.56,Roc,454.0,2014.0,2014.0,2022-10-21,2021-04-21,read,1
49381341,"Peace Talks (The Dresden Files, #16)",Jim Butcher,0451464419,9780451464415,5,4.21,Ace,340.0,2020.0,2020.0,2022-11-09,2021-04-21,read,1
23947089,"The Lost Metal (Mistborn, #7)",Brandon Sanderson,0765391198,9780765391193,5,4.53,Tor Books,507.0,2022.0,2022.0,2022-11-20,2020-07-03,read,1
59808314,"Bastille vs. the Evil Librarians (Alcatraz vs. the Evil Librarians, #6)",Brandon Sanderson,1250811066,9781250811066,5,4.13,Starscape,256.0,2022.0,2022.0,2022-10-02,2022-10-01,read,1
12216302,"Cold Days (The Dresden Files, #14)",Jim Butcher,0451464400,9780451464408,5,4.48,Penguin Group (USA),515.0,2012.0,2012.0,2022-09-03,2021-04-21,read,1
8058301,"Ghost Story (The Dresden Files, #13)",Jim Butcher,045146379X,9780451463791,4,4.25,Roc Hardcover,481.0,2011.0,2011.0,2022-08-10,2022-08-02,read,1
6585201,"Changes (The Dresden Files, #12)",Jim Butcher,045146317X,9780451463173,5,4.5,Roc,438.0,2010.0,2010.0,2022-08-01,2021-04-21,read,1
3475161,"Turn Coat (The Dresden Files, #11)",Jim Butcher,0451462564,9780451462565,5,4.44,Roc,418.0,2009.0,2009.0,2022-07-20,2021-04-21,read,1
927979,"Small Favor (The Dresden Files, #10)",Jim Butcher,0451461894,9780451461896,5,4.44,Roc,545.0,2008.0,2008.0,2022-06-21,2021-04-21,read,1
17397466,An Introduction to Statistical Learning: With Applications in R,Gareth James,1461471370,9781461471370,5,4.6,Springer,426.0,2017.0,2013.0,2022-06-08,2021-11-21,"data_science, read",1
91475,"White Night (The Dresden Files, #9)",Jim Butcher,0451461401,9780451461407,5,4.39,Roc,407.0,2007.0,2007.0,2022-06-04,2021-04-21,read,1
28335696,"Persepolis Rising (The Expanse, #7)",James S.A. Corey,0316332828,9780316332828,0,4.37,Orbit Books,608.0,2017.0,2017.0,,2022-01-23,"currently-reading, read",1
91474,"Proven Guilty (The Dresden Files, #8)",Jim Butcher,0451461037,9780451461032,4,4.4,Roc,547.0,2007.0,2006.0,2022-06-02,2021-04-21,read,1
25877663,"Babylon's Ashes (The Expanse, #6)",James S.A. Corey,0356504263,9780356504261,5,4.24,Orbit,538.0,2016.0,2016.0,2022-05-30,2022-01-23,read,1
17683,"Dead Beat (The Dresden Files, #7)",Jim Butcher,045146091X,9780451460912,5,4.41,Roc,517.0,2006.0,2005.0,2022-05-19,2021-04-21,read,1
22886612,"Nemesis Games (The Expanse, #5)",James S.A. Corey,,,5,4.43,Orbit,536.0,2015.0,2015.0,2022-05-08,2022-01-23,read,1
99383,"Blood Rites (The Dresden Files, #6)",Jim Butcher,0451459873,9780451459879,4,4.3,Roc,372.0,2004.0,2004.0,2022-04-30,2021-04-21,read,1
91479,"Death Masks (The Dresden Files, #5)",Jim Butcher,0451459407,9780451459404,5,4.29,Roc,432.0,2003.0,2003.0,2022-04-21,2021-04-21,read,1
18656030,"Cibola Burn (The Expanse, #4)",James S.A. Corey,,,5,4.21,Orbit,581.0,2014.0,2014.0,2022-04-17,2022-01-23,read,1
55262194,The Lightning Tree,Patrick Rothfuss,,,4,4.0,,93.0,2014.0,2014.0,2022-04-16,2022-04-16,read,1
21413662,"What If? Serious Scientific Answers to Absurd Hypothetical Questions (What If?, #1)",Randall Munroe,0544272994,9780544272996,0,4.14,Mariner Books,303.0,2014.0,2014.0,,2022-03-20,to-read,0
16131032,"Abaddon's Gate (The Expanse, #3)",James S.A. Corey,,,5,4.26,Orbit,539.0,2013.0,2013.0,2022-02-24,2022-01-23,read,1
12591698,"Caliban's War (The Expanse, #2)",James S.A. Corey,1841499900,9781841499901,5,4.37,"Orbit/Little, Brown Book Group",624.0,2012.0,2012.0,2022-01-28,2022-01-23,read,1
58293924,"Book of Night (Book of Night, #1)",Holly Black,1250812194,9781250812193,0,3.55,Tor Books,304.0,2022.0,2022.0,,2021-12-27,to-read,0
28335699,"Leviathan Falls (The Expanse, #9)",James S.A. Corey,0356510395,9780356510392,0,4.54,Orbit ,528.0,2022.0,2021.0,,2022-01-23,to-read,0
28335698,"Tiamat's Wrath (The Expanse, #8)",James S.A. Corey,0316332879,9780316332873,0,4.57,Orbit Books,534.0,2019.0,2019.0,,2022-01-23,to-read,0
25899877,"Drive (The Expanse, #2.7)",James S.A. Corey,,,0,4.03,SyFy,30.0,2012.0,2012.0,,2022-01-23,to-read,0
15837317,"Gods of Risk (The Expanse, #2.5)",James S.A. Corey,,,0,3.72,Orbit,72.0,2012.0,2012.0,,2022-01-23,to-read,0
8855321,"Leviathan Wakes (The Expanse, #1)",James S.A. Corey,1841499889,9781841499888,5,4.29,Orbit,592.0,2011.0,2011.0,2022-01-23,2021-10-30,read,1
58465495,"Evershore (Skyward, #3.1)",Brandon Sanderson,,9780593566633,5,4.42,Delacorte Press,234.0,2021.0,2021.0,2022-01-06,2021-11-22,read,1
22514127,Automate the Boring Stuff with Python: Practical Programming for Total Beginners,Al Sweigart,1593275994,9781593275990,5,4.29,No Starch Press,479.0,2015.0,2014.0,2021-11-29,2021-11-21,"programming, read",1
34601024,"Hands-On Machine Learning with Scikit-Learn and TensorFlow: Concepts, Tools, and Techniques to Build Intelligent Systems",Aurélien Géron,,,5,4.56,O'Reilly Media,566.0,2017.0,2017.0,2021-12-17,2021-11-27,"data_science, read",1
57094644,Daughter of the Deep,Rick Riordan,1368077927,9781368077927,5,4.24,Disney-Hyperion,352.0,2021.0,2021.0,2021-12-22,2021-09-21,read,1
44492285,"Dune Messiah (Dune, #2)",Frank Herbert,0593098234,9780593098233,4,3.89,Ace Books,337.0,2019.0,1969.0,2021-12-16,2021-09-17,read,1
43606157,"Cytonic (Skyward, #3)",Brandon Sanderson,1473217938,9781473217935,5,4.1,Gollancz,432.0,2021.0,2021.0,2021-12-02,2021-05-26,read,1
44767458,"Dune (Dune, #1)",Frank Herbert,059309932X,9780593099322,5,4.25,Ace Books,658.0,2019.0,1965.0,2021-11-08,2020-04-11,read,1
57903879,"ReDawn (Skyward, #2.2)",Brandon Sanderson,,9780593566626,5,4.22,Delacorte Press,229.0,2021.0,2021.0,2021-11-05,2021-05-26,read,1
9969571,"Ready Player One (Ready Player One, #1)",Ernest Cline,030788743X,9780307887436,0,4.24,Crown Publishers,374.0,2011.0,2011.0,,2021-11-02,to-read,0
46787,Uncle Tom's Cabin,Harriet Beecher Stowe,,,5,3.9,Wordsworth Classics,438.0,1999.0,1852.0,,2021-05-07,"classics_read, favorites, read",1
57903876,"Sunreach (Skyward, #2.1)",Brandon Sanderson,,9780593566619,5,4.18,Delacorte Press,208.0,2021.0,2021.0,2021-09-29,2021-05-26,read,1
228665,"The Eye of the World (The Wheel of Time, #1)",Robert Jordan,0812511816,9780812511819,5,4.19,Tor Books,800.0,1990.0,1990.0,2020-07-20,2020-02-26,"favorites, read",1
16031812,"A Memory of Light (Wheel of Time, #14)",Robert Jordan,,,5,4.55,Tor Books,1025.0,2013.0,2013.0,2020-08-11,2020-08-09,"books_worth_rereading, favorites, read",1
44492286,"Children of Dune (Dune, #3)",Frank Herbert,0593098242,9780593098240,0,3.95,Ace Books,609.0,2019.0,1976.0,,2021-09-17,to-read,0
35167718,"""What Do You Care What Other People Think?"": Further Adventures of a Curious Character",Richard P. Feynman,0393355640,9780393355642,5,4.18,W. W. Norton  Company,288.0,2018.0,1988.0,2021-09-09,2021-08-16,read,1
768889,"A Storm of Swords: Steel and Snow (A Song of Ice and Fire, #3: Part 1 of 2)",George R.R. Martin,0006479901,9780006479901,5,4.46,HarperVoyager,663.0,2001.0,2000.0,,2020-05-09,read,1
147915,"A Storm of Swords 2: Blood and Gold (A Song of Ice and Fire, #3, Part 2 of 2)",George R.R. Martin,0007119550,9780007119554,5,4.54,HarperVoyager ,639.0,2011.0,2000.0,,2020-05-09,read,1
35959740,Circe,Madeline Miller,0316556343,9780316556347,5,4.25,"Little, Brown and Company",393.0,2018.0,2018.0,2021-08-31,2020-06-19,read,1
69571,"Rich Dad, Poor Dad",Robert T. Kiyosaki,0751532711,9780751532715,5,4.12,Time Warner Books UK,195.0,2007.0,1997.0,2021-08-19,2021-07-06,read,1
6185,Wuthering Heights,Emily Brontë,,,0,3.88,Norton,464.0,2002.0,1847.0,,2021-08-16,read,1
13623848,The Song of Achilles,Madeline Miller,,,0,4.38,Ecco,378.0,2012.0,2011.0,,2021-08-14,to-read,0
19063,The Book Thief,Markus Zusak,,,5,4.39,Alfred A. Knopf,552.0,2006.0,2006.0,2021-08-13,2021-07-24,"favorites, read",1
1772432,कायाकल्प,Munshi Premchand,,,4,3.92,,,2007.0,2007.0,,2021-08-08,read,1
31817749,"The Stone Sky (The Broken Earth, #3)",N.K. Jemisin,,,5,4.35,Orbit,416.0,2017.0,2017.0,2021-07-29,2021-06-04,read,1
36329818,"Legendary (Caraval, #2)",Stephanie Garber,125009531X,9781250095312,0,4.22,Flatiron Books,451.0,2018.0,2018.0,,2021-07-12,to-read,0
40381392,"Finale (Caraval, #3)",Stephanie Garber,1250157668,9781250157669,0,4.21,Flatiron Books,478.0,2019.0,2019.0,,2021-07-12,to-read,0
27883214,"Caraval (Caraval, #1)",Stephanie Garber,1250095255,9781250095251,0,4.0,Flatiron Books,407.0,2017.0,2016.0,,2021-07-12,to-read,0
26228034,"The Obelisk Gate (The Broken Earth, #2)",N.K. Jemisin,,,5,4.31,Orbit,410.0,2016.0,2016.0,2021-07-12,2021-06-04,read,1
817589,Learn to Earn: A Beginner's Guide to the Basics of Investing and Business,Peter Lynch,0684811634,9780684811635,5,4.04,Simon  Schuster,272.0,1996.0,1995.0,2021-07-11,2021-07-06,read,1
17999205,Computing with Quantum Cats: From Colossus to Qubits,John Gribbin,0593071158,9780593071151,5,3.76,Bantam Press,304.0,2013.0,2013.0,2021-07-03,2021-05-08,read,1
23264672,"Darkdawn (The Nevernight Chronicle, #3)",Jay Kristoff,,,0,4.31,Thomas Dunne Books,491.0,2019.0,2019.0,,2021-07-01,to-read,0
23264671,"Godsgrave (The Nevernight Chronicle, #2)",Jay Kristoff,1250073030,9781250073037,0,4.47,St. Martin's Press,419.0,2017.0,2017.0,,2021-07-01,to-read,0
26114463,"Nevernight (The Nevernight Chronicle, #1)",Jay Kristoff,1250073022,9781250073020,0,4.23,St. Martin's Press,429.0,2016.0,2016.0,,2021-07-01,to-read,0
33208134,प्रेमाश्रम [Premashram],Munshi Premchand,,,4,4.22,Public Domain Books,722.0,,1956.0,,2021-01-01,"hindi_novels, read",1
41820,"Pebble in the Sky (Galactic Empire, #3)",Isaac Asimov,0553293427,9780553293425,0,3.89,Bantam,308.0,1991.0,1950.0,,2021-06-29,read,1
509784,The End of Eternity,Isaac Asimov,0449016196,9780449016190,0,4.24,Fawcett Crest,192.0,1971.0,1955.0,,2021-06-29,to-read,0
41821,The Gods Themselves,Isaac Asimov,1857989341,9781857989342,0,4.09,Millenium,288.0,2000.0,1972.0,,2021-06-29,to-read,0
33208623,चन्द्रगुप्त,जयशंकर प्रसाद,,,5,4.09,Public Domain Books,226.0,,1994.0,,2021-06-29,"other_hindi_books, read",1
13121708,कामायनी,जयशंकर प्रसाद,8126700386,9788171783212,5,4.26,Rajkamal Prakashan,159.0,1994.0,1936.0,,2021-06-29,hindi_verse,0
38893804,ध्रुवस्वामिनी,जयशंकर प्रसाद,,,5,4.03,Public Domain Books,81.0,,,,2021-06-29,other_hindi_books,0
17977451,स्कंदगुप्त,जयशंकर प्रसाद,,9788179873533,5,4.07,,120.0,,1964.0,,2021-06-29,other_hindi_books,0
16028766,अजातशत्रु,जयशंकर प्रसाद,8171831044,,4,3.72,Bishanchand & Sons,,2011.0,2011.0,,2021-06-29,other_hindi_books,0
33220017,इंद्रजाल,जयशंकर प्रसाद,,,5,3.96,Public Domain Books,155.0,,,,2021-06-29,other_hindi_books,0
694226,गोदान [Godaan],Munshi Premchand,8172242190,9788172242190,5,4.38,Jaico Publishing House,352.0,2002.0,1936.0,,2021-06-29,"favorites, hindi_novels, books_worth_rereading",0
694207,Nirmala,Munshi Premchand,0195658264,9780195658262,5,4.14,"Oxford University Press, USA",218.0,2001.0,1899.0,,2021-06-29,hindi_novels,0
11692391,Gaban,Munshi Premchand,8122311962,9788122311969,5,4.31,Cedar Books,272.0,2011.0,1931.0,,2021-06-29,hindi_novels,0
17415301,वरदान,Munshi Premchand,8181332997,9788181332998,4,3.76,Manoj Publications,128.0,2004.0,1899.0,,2021-06-29,hindi_novels,0
15729142,रंगभूमि,Munshi Premchand,,,5,4.26,,,,1925.0,,2021-06-29,"hindi_novels, favorites",0
29904088,प्रतिज्ञा : Pledge,Munshi Premchand,,,3,4.05,Palm Leaf Press,97.0,2016.0,1927.0,,2021-06-29,hindi_novels,0
28595941,Arcanum Unbounded: The Cosmere Collection,Brandon Sanderson,0765391163,9780765391162,5,4.5,Tor Books,672.0,2016.0,2016.0,,2020-04-24,read,1
18405,Gone with the Wind,Margaret Mitchell,,,0,4.3,Warner Books,1037.0,1999.0,1936.0,,2020-02-26,"to-read, books_i_own",0
5344,Hard Times,Charles Dickens,0321107217,9780321107213,4,3.54,Pearson Longman,353.0,2003.0,1854.0,,2021-05-07,"classics_read, books_i_own, read",1
22841994,"Harry Potter and the Philosopher's Stone (Harry Potter, #1)",J.K. Rowling,1408855658,9781408855652,5,4.47,Bloomsbury,332.0,2014.0,1997.0,,2021-05-10,books_i_own,0
19161852,"The Fifth Season (The Broken Earth, #1)",N.K. Jemisin,,,5,4.32,Orbit,468.0,2015.0,2015.0,2021-06-26,2021-06-04,read,1
8695,"The Restaurant at the End of the Universe (Hitchhiker's Guide to the Galaxy, #2)",Douglas Adams,,,5,4.21,Del Rey,250.0,2005.0,1980.0,2021-06-21,2021-05-29,read,1
54513688,"Realm Breaker (Realm Breaker, #1)",Victoria Aveyard,,,3,3.65,Orion Publishing,576.0,2021.0,2021.0,2021-06-15,2021-06-09,read,1
26032825,"The Cruel Prince (The Folk of the Air, #1)",Holly Black,,,5,4.08,"Little, Brown Books for Young Readers",370.0,2018.0,2018.0,2020-08-26,2020-04-25,"books_i_own, favorites, read",1
386162,"The Hitchhiker's Guide to the Galaxy (The Hitchhiker's Guide to the Galaxy, #1)",Douglas Adams,,,5,4.23,Del Rey,193.0,2007.0,1979.0,2021-06-08,2021-05-29,"books_worth_rereading, favorites, read",1
31520883,"A ​Sky Beyond the Storm (An Ember in the Ashes, #4)",Sabaa Tahir,000828881X,9780008288815,4,4.34,Razorbill,516.0,2021.0,2020.0,2021-06-04,2021-05-28,read,1
569429,"Mostly Harmless (Hitchhiker's Guide to the Galaxy, #5)",Douglas Adams,0345379330,9780345379337,0,3.97,Del Rey,288.0,1993.0,1992.0,,2021-05-29,to-read,0
6091075,"So Long, and Thanks for All the Fish (The Hitchhiker's Guide to the Galaxy, #4)",Douglas Adams,,,0,4.09,Del Rey,225.0,2008.0,1984.0,,2021-05-29,to-read,0
8694,"Life, the Universe and Everything (The Hitchhiker's Guide to the Galaxy, #3)",Douglas Adams,0345418905,9780345418906,0,4.18,Del Rey,224.0,2005.0,1982.0,,2021-05-29,to-read,0
4671,The Great Gatsby,F. Scott Fitzgerald,,,4,3.93,Scribner,180.0,2004.0,1925.0,2021-05-29,2020-04-11,"books_i_own, read",1
30809786,"A Reaper at the Gates (An Ember in the Ashes, #3)",Sabaa Tahir,0448494507,9780448494500,5,4.19,Razorbill,458.0,2018.0,2018.0,2021-05-28,2021-05-14,read,1
11196914,"Gardens of the Moon (The Malazan Book of the Fallen, #1)",Steven Erikson,,,0,3.91,Transworld Digital,772.0,2009.0,1999.0,,2021-05-23,"to-read, try_it_later",0
27774758,"An Ember in the Ashes (An Ember in the Ashes, #1)",Sabaa Tahir,,,4,4.26,Razorbill,446.0,2016.0,2015.0,2021-05-17,2021-05-14,read,1
25591568,"A Torch Against the Night (An Ember in the Ashes, #2)",Sabaa Tahir,,,3,4.25,Razorbill,467.0,2016.0,2016.0,2021-05-20,2021-05-14,read,1
30169100,"The Burning White (Lightbringer, #5)",Brent Weeks,0316251305,9780316251303,5,4.27,Orbit,992.0,2019.0,2019.0,2021-05-13,2021-05-01,read,1
25608737,Concepts of Physics (Part 1),H.C. Verma,,,5,4.34,Bhart Bhawan,456.0,2013.0,1999.0,,2021-01-01,"books_i_own, science, read",1
1215032,"The Wise Man's Fear (The Kingkiller Chronicle, #2)",Patrick Rothfuss,0756404738,9780756404734,5,4.55,DAW Books,994.0,2011.0,2011.0,2020-03-26,2020-03-25,"books_worth_rereading, favorites, books_i_own, read",2
26032887,"The Wicked King (The Folk of the Air, #2)",Holly Black,0316310336,9780316310338,5,4.33,"Little, Brown Books for Young Readers",336.0,2019.0,2019.0,2020-08-27,2020-04-25,"books_i_own, read",1
68429,"The Well of Ascension (Mistborn, #2)",Brandon Sanderson,0765316889,9780765316882,5,4.38,Tor Books,590.0,2007.0,2007.0,2020-04-05,2020-03-30,"books_worth_rereading, favorites, books_i_own, read",1
2715644,The Universe: A Biography,John Gribbin,0141021470,9780141021478,4,3.9,Penguin Books,242.0,2008.0,2007.0,,2021-01-01,"science, books_worth_rereading, favorites, books_i_own, read",1
15241,"The Two Towers (The Lord of the Rings, #2)",J.R.R. Tolkien,0618346260,9780618346264,5,4.47,Houghton Mifflin,322.0,2003.0,1954.0,,2020-04-11,"books_i_own, read",1
561456,"The Titan's Curse (Percy Jackson and the Olympians, #3)",Rick Riordan,0141382899,9780141382890,5,4.36,Puffin Books,320.0,2007.0,2007.0,2020-10-13,2020-02-26,"books_i_own, read",3
12974095,"The Throne of Fire (Kane Chronicles, #2)",Rick Riordan,1423142012,9781423142010,5,4.19,Disney-Hyperion Books,452.0,2012.0,2011.0,,2021-01-01,"books_i_own, read",1
1953,A Tale of Two Cities,Charles Dickens,0141439602,9780141439600,0,3.86,Penguin Books,489.0,2003.0,1859.0,,2021-05-07,"classics_read, books_i_own, read",1
17364,"Surely You're Joking, Mr. Feynman!",Richard P. Feynman,009917331X,9780099173311,5,4.27,Vintage,350.0,2006.0,1985.0,,2021-01-01,"science, books_worth_rereading, favorites, books_i_own, read",1
42769202,"Starsight (Skyward, #2)",Brandon Sanderson,1473217903,9781473217904,5,4.4,Orion Publishing Co,461.0,2019.0,2019.0,2020-07-13,2020-07-03,"books_i_own, read",1
36642458,"Skyward (Skyward, #1)",Brandon Sanderson,1473217857,9781473217850,5,4.49,Gollancz,513.0,2018.0,2018.0,2020-07-05,2020-07-03,"books_worth_rereading, favorites, books_i_own, read",1
23437156,"Six of Crows (Six of Crows, #1)",Leigh Bardugo,,,5,4.49,Henry Holt & Company,465.0,2015.0,2015.0,2021-03-12,2021-03-11,"favorites, books_worth_rereading, books_i_own, read",1
28186,"The Sea of Monsters (Percy Jackson and the Olympians, #2)",Rick Riordan,0786856866,9780786856862,5,4.24,Hyperion Books,279.0,2006.0,2006.0,2020-10-13,2020-04-02,"books_i_own, read",2
7090447,"The Red Pyramid (The Kane Chronicles, #1)",Rick Riordan,1423113381,9781423113386,0,4.1,Disney-Hyperion,528.0,2010.0,2010.0,,2021-03-08,"books_i_own, read",1
18254,Oliver Twist,Charles Dickens,,,0,3.88,Penguin Books,608.0,2003.0,1838.0,,2021-05-07,"classics_read, books_i_own, read",1
52670,"One, Two, Three...Infinity: Facts and Speculations of Science",George Gamow,0486256642,9780486256641,5,4.2,Dover Publications,384.0,1988.0,1947.0,,2021-01-01,"science, books_worth_rereading, favorites, books_i_own, read",1
26032912,"The Queen of Nothing (The Folk of the Air, #3)",Holly Black,0316310409,9780316310406,5,4.37,"Little, Brown",300.0,2019.0,2019.0,,2020-04-25,"books_worth_rereading, favorites, books_i_own, read",1
50398,Northanger Abbey,Jane Austen,1593082649,9781593082642,5,3.84,Barnes & Noble Classics,260.0,2005.0,1817.0,,2020-02-26,"classics_read, books_i_own, read",1
2156,Persuasion,Jane Austen,0192802631,9780192802637,5,4.15,Oxford University Press,249.0,2004.0,1817.0,,2020-02-26,"classics_read, books_i_own, read",1
68428,"The Final Empire (Mistborn, #1)",Brandon Sanderson,,9780765311788,5,4.47,Tor Books,541.0,2006.0,2006.0,2020-03-30,2020-03-26,"books_worth_rereading, favorites, books_i_own, read",2
4556058,"The Last Olympian (Percy Jackson and the Olympians, #5)",Rick Riordan,1423101472,9781423101475,5,4.53,Disney-Hyperion Books,381.0,2009.0,2009.0,,2020-02-26,"books_i_own, read",1
186074,"The Name of the Wind (The Kingkiller Chronicle, #1)",Patrick Rothfuss,075640407X,9780756404079,5,4.52,Penguin Group DAW,662.0,2007.0,2007.0,2020-03-24,2020-02-27,"books_worth_rereading, favorites, books_i_own, read",2
35180922,The Mill on the Floss,George Eliot,8175993839,9788175993839,5,3.81,Prakash Book Depot,560.0,2015.0,1860.0,,2021-01-01,"books_i_own, read",1
10210,Jane Eyre,Charlotte Brontë,0142437204,9780142437209,5,4.14,Penguin,532.0,2003.0,1847.0,,2020-02-28,"classics_read, books_i_own, read",1
2767793,"The Hero of Ages (Mistborn, #3)",Brandon Sanderson,0765316897,9780765316899,5,4.51,Tor Books,572.0,2008.0,2008.0,2020-04-08,2020-03-30,"books_worth_rereading, favorites, books_i_own, read",1
19005287,In Search of Schrödinger's Cat: Quantum Physics and Reality,John Gribbin,,,5,4.05,Transworld Digital,400.0,2012.0,1984.0,,2021-01-01,"science, books_worth_rereading, favorites, books_i_own, read",1
10852065,"The Hope of Elantris (Elantris, #1.5)",Brandon Sanderson,,,4,3.69,Brandon Sanderson,25.0,2006.0,2006.0,,2021-03-19,read,1
12127810,"The House of Hades (The Heroes of Olympus, #4)",Rick Riordan,1423146727,9781423146728,5,4.55,Disney-Hyperion Books,597.0,2013.0,2013.0,,2021-03-08,read,1
13497,"A Feast for Crows (A Song of Ice and Fire, #4)",George R.R. Martin,055358202X,9780553582024,5,4.15,Bantam Books,1061.0,2011.0,2005.0,2021-03-27,2020-04-02,"books_i_own, read",1
14699,The Elegant Universe,Brian Greene,009928992X,9780099289920,4,4.08,Vintage,464.0,2000.0,1999.0,,2021-01-01,"science, books_i_own, read",1
6969,Emma,Jane Austen,0141439580,9780141439587,5,4.04,Penguin Books,474.0,2003.0,1815.0,,2020-02-28,"classics_read, books_i_own, read",1
34,"The Fellowship of the Ring (The Lord of the Rings, #1)",J.R.R. Tolkien,0618346252,9780618346257,5,4.38,Houghton Mifflin Harcourt,398.0,2003.0,1954.0,,2020-02-26,"classics_read, books_i_own, read",1
818560,A Brief History Of Time: From the Big Bang To Black Holes,Stephen Hawking,0553175211,9780553175219,5,4.2,Bantam,220.0,1998.0,1988.0,,2021-01-01,"science, books_i_own, read",1
55030,Cosmos,Carl Sagan,0375508325,9780375508325,5,4.38,Random House,365.0,2002.0,1980.0,,2021-01-01,"science, books_i_own, read",1
22299763,"Crooked Kingdom (Six of Crows, #2)",Leigh Bardugo,,,5,4.61,Orion Children's Books,561.0,2016.0,2016.0,2021-03-13,2021-03-12,"favorites, books_worth_rereading, books_i_own, read",1
40277241,Brief Answers to the Big Questions,Stephen Hawking,1984819194,9781984819192,4,4.29,Bantam,256.0,2018.0,2018.0,,2021-01-01,"science, books_i_own, read",1
1582996,"City of Ashes (The Mortal Instruments, #2)",Cassandra Clare,1416914293,9781416914297,4,4.13,Margaret K. McElderry Books,453.0,2008.0,2008.0,2020-10-05,2020-04-11,"books_i_own, read",1
10664113,"A Dance with Dragons (A Song of Ice and Fire, #5)",George R.R. Martin,,,5,4.33,Bantam,1125.0,2011.0,2011.0,2021-04-07,2020-04-11,"books_i_own, read",1
18705209,"The Blood of Olympus (The Heroes of Olympus, #5)",Rick Riordan,1484724917,9781423146735,5,4.43,Disney-Hyperion Books,516.0,2014.0,2014.0,,2021-03-08,read,1
24213,Alice's Adventures in Wonderland / Through the Looking-Glass,Lewis Carroll,0451527747,9780451527745,5,4.07,Penguin Group (USA),239.0,2000.0,1871.0,,2020-10-17,"books_i_own, read",1
130346,Bronte: Wuthering Heights (Macmillan Master Guides),Hilda D. Spear,0333372867,9780333372869,4,4.14,MacMillan,96.0,1985.0,1985.0,,2020-02-26,"classics_read, books_i_own, read",1
10572,"A Clash of Kings  (A Song of Ice and Fire, #2)",George R.R. Martin,0553381695,9780553381696,5,4.41,Bantam,969.0,2002.0,1998.0,2020-12-13,2020-02-26,"books_i_own, read",1
28006109,"The Tyrant’s Tomb (The Trials of Apollo, #4)",Rick Riordan,1368001440,9781368001441,5,4.36,Disney-Hyperion,439.0,2019.0,2019.0,2020-05-09,2020-02-26,"books_i_own, read",1
7541858,"City of Bones (The Mortal Instruments, #1)",Cassandra Clare,,,4,4.08,Margaret K. McElderry Books,485.0,2009.0,2007.0,2020-10-04,2020-02-26,"books_i_own, read",1
45032,Mansfield Park,Jane Austen,,,5,3.86,Penguin Books,488.0,2003.0,1814.0,,2020-02-26,"classics_read, books_i_own, read",1
2623,Great Expectations,Charles Dickens,0192833596,9780192833594,5,3.79,Oxford University Press,544.0,1998.0,1860.0,,2020-02-26,"classics_read, books_worth_rereading, favorites, books_i_own, read",1
11133581,"A Storm of Swords (A Song of Ice and Fire, #3)",George R.R. Martin,,,5,4.54,Voyager,1218.0,2011.0,2000.0,2021-01-29,2020-02-26,"books_i_own, read",1
28187,"The Lightning Thief (Percy Jackson and the Olympians, #1)",Rick Riordan,,,5,4.29,Disney Hyperion Books,377.0,2006.0,2005.0,2018-08-01,2020-02-26,"books_worth_rereading, favorites, books_i_own, read",3
6324090,"Alice's Adventures in Wonderland (Alice's Adventures in Wonderland, #1)",Lewis Carroll,,,5,4.0,Public Domain Books,96.0,1997.0,1865.0,,2020-02-26,"classics_read, books_worth_rereading, favorites, books_i_own, read",1
1,"Harry Potter and the Half-Blood Prince (Harry Potter, #6)",J.K. Rowling,,,5,4.58,Scholastic Inc.,652.0,2006.0,2005.0,,2020-02-26,"books_i_own, read",1
2,"Harry Potter and the Order of the Phoenix (Harry Potter, #5)",J.K. Rowling,,,5,4.5,Scholastic Inc.,912.0,2004.0,2003.0,,2020-02-26,"books_i_own, read",1
6,"Harry Potter and the Goblet of Fire (Harry Potter, #4)",J.K. Rowling,,,5,4.57,Scholastic,734.0,2002.0,2000.0,,2020-02-26,"books_i_own, read",1
136251,"Harry Potter and the Deathly Hallows (Harry Potter, #7)",J.K. Rowling,,,5,4.62,Arthur A. Levine Books,759.0,2007.0,2007.0,,2020-02-26,"books_worth_rereading, favorites, books_i_own, read",1
5,"Harry Potter and the Prisoner of Azkaban (Harry Potter, #3)",J.K. Rowling,043965548X,9780439655484,5,4.58,Scholastic Inc.,435.0,2004.0,1999.0,,2020-02-26,"books_i_own, read",1
102868,"A Study in Scarlet (Sherlock Holmes, #1)",Arthur Conan Doyle,1420925539,9781420925531,5,4.14,Digireads.com,123.0,2005.0,1887.0,,2020-02-26,"classics_read, books_i_own, read",1
3,"Harry Potter and the Sorcerer's Stone (Harry Potter, #1)",J.K. Rowling,,,5,4.47,Scholastic Inc,309.0,2003.0,1997.0,2018-05-01,2020-02-26,"books_i_own, read",1
2120932,"The Battle of the Labyrinth (Percy Jackson and the Olympians, #4)",Rick Riordan,,,5,4.41,Hyperion Books for Children,361.0,2008.0,2008.0,2020-10-14,2020-02-26,"books_i_own, read",2
15881,"Harry Potter and the Chamber of Secrets (Harry Potter, #2)",J.K. Rowling,,,5,4.43,Arthur A. Levine Books,341.0,1999.0,1998.0,2018-05-01,2020-02-26,"books_i_own, read",1
1885,Pride and Prejudice,Jane Austen,,,5,4.28,Modern Library,279.0,2000.0,1813.0,2019-01-01,2020-02-26,"classics_read, books_i_own, read",1
26047438,"Fire Falling (Air Awakens, #2)",Elise Kova,1619849526,9781619849525,3,4.17,Silver Wing Press,378.0,2015.0,2015.0,2021-04-24,2021-04-21,read,1
29467232,"The Blood Mirror (Lightbringer, #4)",Brent Weeks,031625133X,9780316251334,4,4.33,Orbit,704.0,2016.0,2015.0,2021-05-09,2021-05-01,read,1
755125,"In Search of the Edge of Time: Black Holes, White Holes, Wormholes",John Gribbin,0140248145,9780140248142,0,3.92,Penguin Books,288.0,1999.0,1992.0,,2021-05-08,to-read,0
1920128,The Birth of Time: How Astronomers Measure the Age of the Universe,John Gribbin,0300083467,9780300083460,0,3.88,Yale University Press,237.0,2000.0,1999.0,,2021-05-08,to-read,0
28943755,Einstein's Masterwork: 1915 and the General Theory of Relativity,John Gribbin,1681772124,9781681772127,0,4.03,Pegasus Books,240.0,2016.0,2015.0,,2021-05-08,to-read,0
479476,In Search of the Big Bang,John Gribbin,0552131466,9780552131469,0,3.95,Corgi,432.0,1987.0,1986.0,,2021-05-08,to-read,0
26196560,13.8: The Quest to Find the True Age of the Universe and the Theory of Everything,John Gribbin,0300218273,9780300218275,0,4.09,Yale University Press,256.0,2016.0,2015.0,,2021-05-08,to-read,0
31311948,The Time Illusion (Kindle Single),John Gribbin,,,0,4.09,,35.0,2016.0,,,2021-05-08,to-read,0
40941,The Scientists: A History of Science Told Through the Lives of Its Greatest Inventors,John Gribbin,0812967887,9780812967883,0,4.11,Random House Trade Paperbacks,672.0,2004.0,2002.0,,2021-05-08,to-read,0
587906,Deep Simplicity: Bringing Order to Chaos and Complexity,John Gribbin,140006256X,9781400062560,0,3.95,Random House,279.0,2005.0,2004.0,,2021-05-08,to-read,0
6881432,In Search of the Multiverse,John Gribbin,1846141133,9781846141133,0,4.09,Allen Lane,250.0,2009.0,2009.0,,2021-05-08,"science, read",1
29966062,"Crystal Crowned (Air Awakens, #5)",Elise Kova,,,0,4.15,Silver Wing Press,400.0,2016.0,2016.0,,2021-04-21,"to-read, unfinished_series",0
29483403,"Water's Wrath (Air Awakens, #4)",Elise Kova,1619844257,9781619844254,0,4.12,Silver Wing Press,378.0,2016.0,2016.0,,2021-04-21,"to-read, unfinished_series",0
26760091,"Earth's End (Air Awakens, #3)",Elise Kova,1619844222,9781619844223,0,4.14,Silver Wing Press,350.0,2016.0,2016.0,,2021-04-29,"to-read, try_it_later, unfinished_series",0
282459,Subtle Is the Lord: The Science and the Life of Albert Einstein,Abraham Pais,0192806726,9780192806727,5,4.33,OUP UK,576.0,2005.0,1982.0,,2021-01-01,"science, favorites, read",1
3754016,"Shadow's Edge (Night Angel, #2)",Brent Weeks,0316033650,9780316033657,0,4.25,Orbit,636.0,2008.0,2008.0,,2021-05-07,to-read,0
3754026,"Beyond the Shadows (Night Angel, #3)",Brent Weeks,0316033669,9780316033664,0,4.27,Orbit,689.0,2008.0,2008.0,,2021-05-07,to-read,0
3227063,"The Way of Shadows (Night Angel, #1)",Brent Weeks,0316033677,9780316033671,0,4.15,Orbit,645.0,2008.0,2008.0,,2021-05-07,to-read,0
40516976,"Aurora's End (The Aurora Cycle, #3)",Amie Kaufman,1524720887,9781524720889,0,4.23,Knopf Books For Young Readers,512.0,2021.0,2021.0,,2021-04-30,"to-read, try_it_later, unfinished_series",0
40516960,"Aurora Burning (The Aurora Cycle, #2)",Amie Kaufman,1524720925,9781524720926,0,4.29,Knopf Books For Young Readers,495.0,2020.0,2020.0,,2021-04-30,"to-read, try_it_later, unfinished_series",0
30075662,"Aurora Rising (The Aurora Cycle, #1)",Amie Kaufman,1524720968,9781524720964,5,4.12,Knopf Books for Young Readers,473.0,2019.0,2019.0,2021-04-30,2021-04-29,read,1
84369,"The Last Battle (Chronicles of Narnia, #7)",C.S. Lewis,0007202326,9780007202324,0,4.01,HarperCollins Publishers,288.0,2005.0,1956.0,,2020-07-13,"to-read, unfinished_series",0
65605,"The Magician's Nephew (Chronicles of Narnia, #6)",C.S. Lewis,0060764902,9780060764906,4,4.05,HarperCollins Publishers,221.0,2005.0,1955.0,2020-11-04,2020-07-13,"unfinished_series, read",1
84119,"The Horse and His Boy (Chronicles of Narnia, #5)",C.S. Lewis,0439861365,9780439861366,0,3.91,Scholastic Inc,224.0,1995.0,1954.0,,2021-05-07,"to-read, unfinished_series",0
65641,"The Silver Chair (Chronicles of Narnia, #4)",C.S. Lewis,,,0,3.96,HarperCollins,243.0,2008.0,1953.0,,2020-07-13,"to-read, unfinished_series",0
140225,"The Voyage of the Dawn Treader (Chronicles of Narnia, #3)",C.S. Lewis,006112527X,9780061125270,0,4.09,HarperCollins,248.0,2006.0,1952.0,,2020-07-13,"to-read, unfinished_series",0
121749,"Prince Caspian (Chronicles of Narnia, #2)",C.S. Lewis,000720230X,9780007202300,0,3.98,HarperCollins Publishers,240.0,2005.0,1951.0,,2020-04-11,"to-read, unfinished_series",0
100915,"The Lion, the Witch and the Wardrobe (Chronicles of Narnia, #1)",C.S. Lewis,,,0,4.23,HarperCollins Publishers,206.0,2005.0,1950.0,,2021-05-07,"to-read, unfinished_series",0
27188596,"War Storm (Red Queen, #4)",Victoria Aveyard,0062422995,9780062422996,0,3.85,HarperTeen,662.0,2018.0,2018.0,,2021-05-07,"to-read, unfinished_series",0
30226723,"King's Cage (Red Queen, #3)",Victoria Aveyard,0062310712,9780062310712,0,3.94,HarperTeen,528.0,2017.0,2017.0,,2021-05-07,"to-read, unfinished_series",0
23174274,"Glass Sword (Red Queen, #2)",Victoria Aveyard,0062310666,9780062310668,4,3.82,HarperTeen,444.0,2016.0,2016.0,2020-09-02,2020-09-01,"gave_up, unfinished_series, read",1
22328546,"Red Queen (Red Queen, #1)",Victoria Aveyard,,,5,4.03,HarperTeen,388.0,2015.0,2015.0,2020-09-01,2020-08-31,"unfinished_series, read",1
12652457,"The Broken Eye (Lightbringer, #3)",Brent Weeks,,,4,4.46,Orbit,846.0,2014.0,2014.0,2021-05-07,2021-05-01,read,1
12499290,"The Blinding Knife (Lightbringer, #2)",Brent Weeks,031607991X,9780316079914,5,4.42,Orbit,671.0,2012.0,2012.0,2021-05-04,2021-05-01,read,1
7165300,"The Black Prism (Lightbringer, #1)",Brent Weeks,0316075558,9780316075558,5,4.23,Orbit,629.0,2010.0,2010.0,2021-05-02,2021-05-01,read,1
20753341,"The Last Mortal Bond (Chronicle of the Unhewn Throne, #3)",Brian Staveley,,,0,4.06,Tor Books,897.0,2016.0,2016.0,,2021-05-01,to-read,0
22055280,"The Providence of Fire (Chronicle of the Unhewn Throne, #2)",Brian Staveley,0765336413,9780765336415,0,4.12,Tor Books,608.0,2015.0,2015.0,,2021-05-01,to-read,0
17910124,"The Emperor's Blades (Chronicle of the Unhewn Throne, #1)",Brian Staveley,0765336405,9780765336408,0,4.09,Tor Books,480.0,2014.0,2014.0,,2021-05-01,to-read,0
32726691,Storm in a Teacup: The Physics of Everyday Life,Helen Czerski,,,4,4.02,Transworld Digital,282.0,2016.0,2017.0,2021-04-29,2021-03-20,"science, read",1
23127048,"Air Awakens (Air Awakens, #1)",Elise Kova,1932549935,9781932549935,4,4.01,Silver Wing Press,342.0,2015.0,2015.0,2021-04-23,2021-04-21,read,1
1888,Pride and Prejudice,Jane Austen,,,5,4.28,Oxford University Press,333.0,2004.0,1813.0,,2021-04-21,read,1
36307634,"King of Scars (King of Scars, #1)",Leigh Bardugo,,,5,4.17,Imprint,527.0,2019.0,2019.0,2021-03-15,2021-03-11,"favorites, books_worth_rereading, read",1
13612965,"The Bronze Key (Magisterium,  #3)",Holly Black,0545522315,9780545522311,5,4.09,Scholastic,249.0,2016.0,2016.0,2020-11-08,2020-11-08,"favorites, read",1
1166599,"The Gathering Storm (The Wheel of Time, #12)",Robert Jordan,0765302306,9780765302304,5,4.4,Tor Books,783.0,2009.0,2009.0,2020-08-08,2020-07-08,"books_worth_rereading, favorites, read",1
18635016,"The One (The Selection, #3)",Kiera Cass,0062059998,9780062059994,4,4.17,HarperTeen,323.0,2014.0,2014.0,2020-08-31,2020-08-30,"favorites, read",1
15839976,"Red Rising (Red Rising Saga, #1)",Pierce Brown,0345539788,9780345539786,5,4.26,Del Rey,382.0,2014.0,2014.0,2020-09-29,2020-09-24,"books_worth_rereading, favorites, read",1
1268479,"Warbreaker (Warbreaker, #1)",Brandon Sanderson,,,5,4.3,Self-published,688.0,2009.0,2009.0,2020-06-27,2020-06-14,"books_worth_rereading, favorites, read",1
17332218,"Words of Radiance (The Stormlight Archive, #2)",Brandon Sanderson,0765326361,9780765326362,5,4.75,Tor Books,1087.0,2014.0,2014.0,2020-06-14,2020-05-25,"books_worth_rereading, favorites, read",1
29579,"Foundation (Foundation, #1)",Isaac Asimov,0553803719,9780553803716,5,4.17,Bantam,244.0,2004.0,1951.0,2018-12-01,2020-02-26,"classics_read, books_worth_rereading, favorites, read",1
7235533,"The Way of Kings (The Stormlight Archive, #1)",Brandon Sanderson,0765326353,9780765326355,5,4.65,Tor Books,1007.0,2010.0,2010.0,2020-06-09,2020-02-26,"books_worth_rereading, favorites, read",1
91476,"Grave Peril (The Dresden Files, #3)",Jim Butcher,0451458443,9780451458445,5,4.14,Roc,378.0,2001.0,2001.0,,2021-04-21,read,1
40603587,"The Last Wish (The Witcher, #0.5)",Andrzej Sapkowski,,,5,4.14,Orbit,400.0,2008.0,1993.0,,2021-04-21,read,1
14781491,"The Time of Contempt (The Witcher, #2)",Andrzej Sapkowski,0316219134,9780316219136,5,4.17,Orbit,331.0,2013.0,1995.0,,2021-04-21,read,1
17157681,"The Hobbit, Part One",J.R.R. Tolkien,,9780007926664,5,4.3,HarperCollins Children's Books,230.0,2012.0,1937.0,,2020-04-11,"classics_read, read",1
41804,"I, Robot (Robot, #0.1)",Isaac Asimov,0553803700,9780553803709,4,4.21,Bantam Books,224.0,2004.0,1950.0,,2020-04-11,"classics_read, read",1
5326,A Christmas Carol,Charles Dickens,1561797464,9781561797462,4,4.07,Bethany House Publishers ,104.0,1999.0,1843.0,,2020-02-28,"classics_read, read",1
2493,The Time Machine,H.G. Wells,,,4,3.9,Signet Classics,118.0,2002.0,1895.0,,2020-04-11,"classics_read, read",1
14935,Sense and Sensibility,Jane Austen,,,5,4.08,Penguin Books,409.0,2003.0,1811.0,,2020-02-28,"classics_read, read",1
1934,Little Women,Louisa May Alcott,,,5,4.13,Signet Classics,449.0,2004.0,1868.0,,2020-02-26,"classics_read, read",1
170448,Animal Farm,George Orwell,0451526341,9780451526342,5,3.98,Signet Classics,141.0,1996.0,1945.0,,2020-02-26,"classics_read, read",1
8492907,Physics of the Future: How Science Will Shape Human Destiny and Our Daily Lives by the Year 2100,Michio Kaku,0385530803,9780385530804,5,4.0,Doubleday,416.0,2011.0,2011.0,2019-01-01,2021-01-01,"science, read",1
2094,A Briefer History of Time,Stephen Hawking,0553804367,9780553804362,4,4.25,Bantam,176.0,2005.0,2005.0,,2021-01-01,"science, read",1
2095,The Universe in a Nutshell,Stephen Hawking,055380202X,9780553802023,4,4.18,Bantam,216.0,2001.0,2001.0,,2021-01-01,"science, read",1
33418,"Parallel Worlds: A Journey through Creation, Higher Dimensions, and the Future of the Cosmos",Michio Kaku,1400033721,9781400033720,5,4.2,Anchor,361.0,2006.0,2004.0,,2021-01-01,"science, read",1
33426,"Hyperspace: A Scientific Odyssey Through Parallel Universes, Time Warps, and the Tenth Dimension",Michio Kaku,0192861891,9780192861894,5,4.14,Oxford Univ Pr (T),359.0,1995.0,1994.0,,2021-01-01,"science, read",1
100006,Schrödinger's Kittens and the Search for Reality: Solving the Quantum Mysteries,John Gribbin,0316328197,9780316328197,5,4.06,Back Bay Books,272.0,1996.0,1984.0,,2021-01-01,"science, read",1
215788,"The Search for Superstrings, Symmetry, and the Theory of Everything",John Gribbin,0316326143,9780316326148,4,3.87,Back Bay Books,224.0,2000.0,1998.0,,2021-01-01,"science, read",1
21,A Short History of Nearly Everything,Bill Bryson,076790818X,9780767908184,4,4.21,Crown Publishing Group (NY),544.0,2004.0,2003.0,,2021-01-01,"science, read",1
1676740,The Beat of a Different Drum: The Life and Science of Richard Feynman,Jagdish Mehra,0198539487,9780198539483,5,4.17,"Oxford University Press, USA",662.0,1994.0,1994.0,,2021-01-01,"science, read",1
25734172,Seven Brief Lessons on Physics,Carlo Rovelli,0399184414,9780399184413,4,3.98,Riverhead Books,81.0,2016.0,2014.0,2021-01-05,2021-01-01,"science, read",1
32191710,Astrophysics for People in a Hurry,Neil deGrasse Tyson,0393609391,9780393609394,5,4.09,W. W. Norton  Company,223.0,2017.0,2017.0,2021-03-09,2021-02-19,"favorites, science, read",1
14290364,"Champion (Legend, #3)",Marie Lu,0399256776,9780399256776,4,4.33,Putnam Juvenile,369.0,2013.0,2013.0,2021-04-21,2021-04-18,read,1
13206760,"Scarlet (The Lunar Chronicles, #2)",Marissa Meyer,0312642962,9780312642969,5,4.26,Feiwel & Friends,454.0,2013.0,2013.0,2021-04-09,2021-04-07,"favorites, read",1
35425827,"Archenemies (Renegades, #2)",Marissa Meyer,1250311446,9781250311443,5,4.28,Feiwel & Friends,560.0,2018.0,2018.0,2021-04-16,2021-04-10,"favorites, read",1
13414446,"Prodigy (Legend, #2)",Marie Lu,0399256768,9780399256769,5,4.24,Putnam Juvenile,371.0,2013.0,2013.0,2021-04-20,2021-04-18,"favorites, read",1
14061957,"Ruin and Rising (The Shadow and Bone Trilogy, #3)",Leigh Bardugo,,,5,4.02,Henry Holt and Company,422.0,2014.0,2014.0,2021-03-10,2021-03-10,"favorites, read",1
52861201,"From Blood and Ash (Blood and Ash, #1)",Jennifer L. Armentrout,1952457009,9781952457005,0,4.28,Blue Box Press,613.0,2020.0,2020.0,,2021-04-10,"try_it_later, to-read",0
44054122,"Imagine Me (Shatter Me, #6)",Tahereh Mafi,006267644X,9780062676443,0,3.96,HarperCollins,480.0,2020.0,2020.0,,2021-04-21,to-read,0
34992959,"Defy Me (Shatter Me, #5)",Tahereh Mafi,0062676393,9780062676399,0,4.27,HarperTeen,357.0,2019.0,2019.0,,2021-04-21,to-read,0
34992929,"Restore Me (Shatter Me, #4)",Tahereh Mafi,0062676369,9780062676368,0,4.17,HarperCollins,435.0,2018.0,2018.0,,2021-04-21,to-read,0
13188676,"Ignite Me (Shatter Me, #3)",Tahereh Mafi,,,0,4.45,HarperCollins ,421.0,2014.0,2014.0,,2021-04-21,to-read,0
13623150,"Destroy Me (Shatter Me, #1.5)",Tahereh Mafi,0062208195,9780062208194,0,4.09,Harper,111.0,2012.0,2012.0,,2021-04-21,to-read,0
13104080,"Unravel Me (Shatter Me, #2)",Tahereh Mafi,0062085530,9780062085535,0,4.18,HarperCollins ,461.0,2013.0,2013.0,,2021-04-21,to-read,0
37642300,"Shatter Me (Shatter Me, #1)",Tahereh Mafi,,,0,3.9,HarperCollins,328.0,2017.0,2011.0,,2021-04-21,to-read,0
9275658,"Legend (Legend, #1)",Marie Lu,,,4,4.16,Putnam Juvenile,305.0,2011.0,2011.0,2021-04-18,2021-04-18,read,1
42771754,"Supernova (Renegades, #3)",Marissa Meyer,1250078385,9781250078384,4,4.41,Feiwel & Friends,549.0,2019.0,2019.0,2021-04-17,2021-04-10,read,1
28421168,"Renegades (Renegades, #1)",Marissa Meyer,1250044669,9781250044662,4,4.15,Feiwel & Friends,552.0,2017.0,2017.0,2021-04-16,2021-04-10,read,1
9361589,The Night Circus,Erin Morgenstern,,9780385534635,4,4.03,Doubleday,387.0,2011.0,2011.0,2021-04-13,2021-04-13,read,1
13206900,"Winter (The Lunar Chronicles, #4)",Marissa Meyer,0312642989,9780312642983,5,4.43,Feiwel & Friends,832.0,2015.0,2015.0,2021-04-11,2021-04-07,read,1
48829708,To Sleep in a Sea of Stars,Christopher Paolini,1250762847,9781250762849,0,3.78,Tor Books,880.0,2020.0,2020.0,,2021-04-10,to-read,0
13206828,"Cress (The Lunar Chronicles, #3)",Marissa Meyer,0312642970,9780312642976,5,4.42,Feiwel & Friends,552.0,2014.0,2014.0,2021-04-10,2021-04-07,read,1
36381037,"Cinder (The Lunar Chronicles, #1)",Marissa Meyer,,,5,4.13,Feiwel & Friends,400.0,2012.0,2012.0,2021-04-08,2021-04-07,read,1
8447255,"The Crippled God (Malazan Book of the Fallen, #10)",Steven Erikson,0593046358,9780593046357,0,4.5,Bantam Press,921.0,2011.0,2011.0,,2021-04-07,to-read,0
4703427,"Dust of Dreams (Malazan Book of the Fallen, #9)",Steven Erikson,0765316552,9780765316554,0,4.3,Tom Doherty Associates,1280.0,2009.0,2009.0,,2021-04-07,to-read,0
938544,"Toll the Hounds (Malazan Book of the Fallen, #8)",Steven Erikson,0765310082,9780765310088,0,4.36,Tor Books,1008.0,2008.0,2008.0,,2021-04-07,to-read,0
459064,"Reaper's Gale (Malazan Book of the Fallen, #7)",Steven Erikson,0593046315,9780593046319,0,4.39,Bantam Press,928.0,2007.0,2007.0,,2021-04-07,to-read,0
478951,"The Bonehunters (Malazan Book of the Fallen, #6)",Steven Erikson,0553813153,9780553813159,0,4.47,Bantam,1203.0,2007.0,2006.0,,2021-04-07,to-read,0
345299,"Midnight Tides (Malazan Book of the Fallen, #5)",Steven Erikson,0553813145,9780553813142,0,4.4,Bantam,960.0,2005.0,2004.0,,2021-04-07,to-read,0
55398,"House of Chains (Malazan Book of the Fallen, #4)",Steven Erikson,0765348810,9780765348814,0,4.34,Tom Doherty Associates,1015.0,2007.0,2002.0,,2021-04-07,to-read,0
175983,"Memories of Ice (Malazan Book of the Fallen, #3)",Steven Erikson,0765348802,9780765348807,0,4.45,Tor Fantasy,925.0,2006.0,2001.0,,2021-04-07,to-read,0
55401,"Deadhouse Gates (Malazan Book of the Fallen, #2)",Steven Erikson,0765310023,9780765310026,0,4.26,Tor Books,604.0,2005.0,2000.0,,2021-04-07,to-read,0
56663640,"Breach of Peace (Lawful Times, #1)",Daniel B. Greene,,9780578840789,0,3.57,,98.0,2021.0,2021.0,,2021-04-06,to-read,0
36307674,"Rule of Wolves (King of Scars, #2)",Leigh Bardugo,1510109188,9781510109186,4,4.38,Orion Children's Books,592.0,2021.0,2021.0,2021-03-31,2021-03-15,read,1
39943621,"Fire & Blood (A Targaryen History, #1)",George R.R. Martin,152479628X,9781524796280,0,3.98,Bantam,719.0,2018.0,2018.0,,2021-03-27,to-read,0
91478,"Summer Knight (The Dresden Files, #4)",Jim Butcher,0451458923,9780451458926,5,4.27,Roc,446.0,2002.0,2002.0,2021-03-20,2021-03-10,read,1
28698036,"Secret History (Mistborn, #3.5)",Brandon Sanderson,,,0,4.37,"Dragonsteel Entertainment, LLC",160.0,2016.0,2016.0,,2020-07-05,read,1
43263680,"Ninth House (Alex Stern, #1)",Leigh Bardugo,1250313074,9781250313072,0,4.03,Flatiron Books,459.0,2019.0,2019.0,,2021-03-15,"try_it_later, to-read",0
944076,"Last Argument of Kings (The First Law, #3)",Joe Abercrombie,0575077905,9780575077904,0,4.32,Gollancz,536.0,2008.0,2008.0,,2021-03-17,to-read,0
944073,"The Blade Itself (The First Law, #1)",Joe Abercrombie,0575079797,9780575079793,0,4.19,Gollancz,515.0,2007.0,2006.0,,2021-03-17,to-read,0
902715,"Before They Are Hanged (The First Law, #2)",Joe Abercrombie,0575077883,9780575077881,0,4.33,Gollancz,441.0,2007.0,2007.0,,2021-03-17,to-read,0
44778083,"House of Earth and Blood (Crescent City, #1)",Sarah J. Maas,1635574048,9781635574043,0,4.48,Bloomsbury Publishing,803.0,2020.0,2020.0,,2021-03-12,to-read,0
833424,"Reaper Man (Discworld, #11; Death, #2)",Terry Pratchett,0552134643,9780552134644,4,4.28,Corgi Books,288.0,1992.0,1991.0,2021-03-08,2021-02-27,read,1
14061955,"Siege and Storm (The Shadow and Bone Trilogy, #2)",Leigh Bardugo,,,5,3.84,Henry Holt and Company,435.0,2013.0,2013.0,2021-03-10,2021-03-09,read,1
10194157,"Shadow and Bone (The Shadow and Bone Trilogy, #1)",Leigh Bardugo,,,4,3.95,Henry Holt & Company,358.0,2012.0,2012.0,2021-03-09,2021-03-08,read,1
36013042,Percy Jackson and the Singer of Apollo,Rick Riordan,,,0,4.06,Disney Hyperion,32.0,2017.0,2013.0,,2021-03-08,read,1
26031279,Demigods & Magicians: Percy and Annabeth Meet the Kanes,Rick Riordan,1484732782,9781484732786,0,4.31,Disney-Hyperion,224.0,2016.0,2016.0,,2021-03-08,read,1
18752963,"The Crown of Ptolemy (Percy Jackson & Kane Chronicles Crossover, #3)",Rick Riordan,148470987X,9781484709870,0,4.37,Disney-Hyperion,63.0,2015.0,2015.0,,2021-03-08,read,1
18752959,"The Staff of Serapis (Percy Jackson & Kane Chronicles Crossover, #2)",Rick Riordan,1484721349,9781484721346,0,4.29,Disney-Hyperion,60.0,2014.0,2014.0,,2021-03-08,read,1
17312201,"The Son of Sobek (Percy Jackson & Kane Chronicles Crossover, #1)",Rick Riordan,,,0,4.26,Disney-Hyperion,40.0,2013.0,2012.0,,2021-03-08,read,1
12893742,"The Serpent's Shadow (The Kane Chronicles, #3)",Rick Riordan,1423140575,9781423140573,0,4.29,Hyperion Books,406.0,2012.0,2012.0,,2021-03-08,read,1
9520360,"The Son of Neptune (The Heroes of Olympus, #2)",Rick Riordan,1423140591,9781423140597,0,4.42,Disney-Hyperion Books,521.0,2011.0,2011.0,,2021-03-08,read,1
35068705,"The Poppy War (The Poppy War, #1)",R.F. Kuang,0062662597,9780062662590,4,4.15,Harper Voyager,545.0,2018.0,2018.0,2021-02-18,2021-01-29,read,1
45857086,"The Burning God (The Poppy War, #3)",R.F. Kuang,0008339147,9780008339142,0,4.33,Harper Voyager,622.0,2020.0,2020.0,,2021-01-29,to-read,0
41118857,"The Dragon Republic (The Poppy War, #2)",R.F. Kuang,,,0,4.39,Harper Voyager,658.0,2019.0,2019.0,,2021-01-29,to-read,0
55927316,"The Drowning Faith (The Poppy War, #2.5)",R.F. Kuang,,,0,4.52,,15.0,2020.0,2020.0,,2021-01-29,to-read,0
119322,"The Golden Compass (His Dark Materials, #1)",Philip Pullman,0679879242,9780679879244,0,4.01,Alfred A. Knopf Books for Young Readers,399.0,1996.0,1995.0,,2020-04-11,to-read,0
22435,"The Fabric of the Cosmos: Space, Time, and the Texture of Reality",Brian Greene,0965900584,9780965900584,0,4.12,Alfred Knopf,569.0,2004.0,2003.0,,2021-01-01,to-read,0
6969361,2 States: The Story of My Marriage,Chetan Bhagat,8129115301,9788129115300,2,3.43,Rupa & Co,269.0,2009.0,2009.0,2021-01-01,2021-01-01,read,1
105576,Five Point Someone: What Not to Do at IIT,Chetan Bhagat,8129104598,9788129104595,4,3.43,Rupa Publications,267.0,2011.0,2004.0,,2021-01-01,read,1
22874559,Half Girlfriend,Chetan Bhagat,8129135728,9788129135728,3,3.13,Rupa Publications India,260.0,2014.0,2014.0,,2021-01-01,read,1
18243700,"The Assassin's Blade (Throne of Glass, #0.1-0.5)",Sarah J. Maas,1408852594,9781408852590,4,4.32,Bloomsbury Childrens,448.0,2014.0,2014.0,,2020-04-11,read,1
33208140,तितली,जयशंकर प्रसाद,,,4,3.95,Public Domain Books,300.0,,1985.0,,2021-01-01,read,1
4808763,The Last Question,Isaac Asimov,1884214495,9781884214493,5,4.56,Ziggurat Productions,9.0,2007.0,1956.0,,2021-01-01,read,1
76688,"Robots and Empire (Robot, #4)",Isaac Asimov,0586062009,9780586062005,5,4.21,Voyager,512.0,1996.0,1985.0,,2021-01-01,read,1
41810,"The Robots of Dawn (Robot, #3)",Isaac Asimov,0553299492,9780553299496,4,4.18,Spectra,438.0,1994.0,1983.0,,2021-01-01,read,1
30016,"The Naked Sun (Robot, #2)",Isaac Asimov,,,5,4.18,HarperCollins Publishers,204.0,1993.0,1958.0,,2021-01-01,read,1
41811,"The Caves of Steel (Robot, #1)",Isaac Asimov,,,5,4.18,Voyager,206.0,1997.0,1953.0,,2021-01-01,read,1
76679,Forward the Foundation (Foundation: Prequel #2),Isaac Asimov,0553565079,9780553565072,4,4.15,Bantam/Spectra,464.0,1994.0,1993.0,,2021-01-01,read,1
30013,Prelude to Foundation,Isaac Asimov,,,5,4.15,Voyager,464.0,1994.0,1988.0,,2021-01-01,read,1
29582,"Foundation and Earth (Foundation, #5)",Isaac Asimov,0553587579,9780553587579,4,4.07,Spectra,528.0,2004.0,1986.0,,2021-01-01,read,1
76683,"Foundation's Edge (Foundation, #4)",Isaac Asimov,0553293389,9780553293388,4,4.16,Bantam/Spectra,450.0,2010.0,1982.0,,2021-01-01,read,1
29580,"Second Foundation (Foundation, #3)",Isaac Asimov,0553803735,9780553803730,5,4.27,Bantam Spectra,256.0,2004.0,1953.0,,2021-01-01,read,1
29581,"Foundation and Empire (Foundation, #2)",Isaac Asimov,0553803727,9780553803723,5,4.22,Spectra Books,244.0,2004.0,1952.0,,2021-01-01,read,1
36045215,Jane Austen: Seven Novels,Jane Austen,,,5,4.57,OBG Classics,2398.0,2017.0,1813.0,,2021-01-01,read,1
36116851,The Merchant of Venice,William Shakespeare,,,4,3.79,AmazonClassics,140.0,2017.0,1596.0,,2021-01-01,read,1
33220026,Prema (Hindi),Munshi Premchand,,,4,4.05,Public Domain Books,172.0,,2014.0,,2021-01-01,read,1
40736878,David Copperfield,Charles Dickens,8175994282,9788175994287,0,4.02,Fingerprint Publishing,924.0,2017.0,1850.0,,2021-01-01,to-read,0
433567,Flatland: A Romance of Many Dimensions,Edwin A. Abbott,048627263X,9780486272634,0,3.81,"Dover Publications, Inc.",96.0,1992.0,1884.0,,2021-01-01,to-read,0
11063358,Murder on the Orient Express,Agatha Christie,,,0,4.2,HarperCollins,289.0,2010.0,1934.0,,2021-01-01,to-read,0
22823333,"The Eleventh Metal (Mistborn, #0.5)",Brandon Sanderson,,,0,3.82,Crafty Games,21.0,2012.0,2012.0,,2020-08-21,"to-read, read",1
386372,"Mort (Discworld, #4; Death, #1)",Terry Pratchett,0061020680,9780061020681,5,4.24,Harpertorch,243.0,2001.0,1987.0,2020-12-01,2020-11-27,read,1
26114421,"The Dark Talent (Alcatraz, #5)",Brandon Sanderson,0765381400,9780765381408,5,4.11,Starscape,281.0,2016.0,2016.0,2020-11-25,2020-11-25,read,1
7740659,"Alcatraz Versus the Shattered Lens (Alcatraz, #4)",Brandon Sanderson,0439925576,9780439925570,4,4.13,Scholastic Press,294.0,2010.0,2010.0,2020-11-25,2020-11-24,read,1
53439886,"How the King of Elfhame Learned to Hate Stories (The Folk of the Air, #3.5)",Holly Black,,9780316540827,4,4.23,"Little, Brown Books for Young Readers",200.0,2020.0,2020.0,2020-11-25,2020-11-05,read,1
6366110,"Alcatraz Versus the Knights of Crystallia (Alcatraz, #3)",Brandon Sanderson,043992555X,9780439925556,4,4.13,Scholastic Press,299.0,2009.0,2009.0,2020-11-24,2020-11-23,read,1
3485562,"Alcatraz Versus the Scrivener's Bones (Alcatraz, #2)",Brandon Sanderson,0439925533,9780439925532,5,4.13,Scholastic Press,322.0,2008.0,2008.0,2020-11-23,2020-11-16,read,1
17250966,"Rhythm of War (The Stormlight Archive, #4)",Brandon Sanderson,,,5,4.61,Tor Books,1213.0,2020.0,2020.0,2020-11-21,2020-05-25,read,1
623976,"Alcatraz Versus the Evil Librarians (Alcatraz, #1)",Brandon Sanderson,0439925509,9780439925501,4,3.91,Scholastic Press,308.0,2007.0,2007.0,2020-11-16,2020-11-16,read,1
54511226,"Dawnshard (The Stormlight Archive, #3.5)",Brandon Sanderson,,,5,4.51,Dragonsteel Entertainment,171.0,2020.0,2020.0,2020-11-10,2020-11-07,read,1
13612970,"The Golden Tower (Magisterium, #5)",Holly Black,,9780545522427,4,4.03,Scholastic Inc.,256.0,2018.0,2018.0,2020-11-09,2020-11-09,read,1
13612968,"The Silver Mask (Magisterium, #4)",Holly Black,,9780545522397,4,4.07,Scholastic Press,200.0,2017.0,2017.0,2020-11-09,2020-11-08,read,1
13612962,"The Copper Gauntlet (Magisterium, #2)",Holly Black,0545522285,9780545522281,5,4.12,Scholastic Press,264.0,2015.0,2015.0,2020-11-08,2020-11-07,read,1
20578940,"The Iron Trial (Magisterium, #1)",Holly Black,0545522250,9780545522250,5,3.95,Scholastic Press,295.0,2014.0,2014.0,2020-11-07,2020-11-05,read,1
36111098,"The Light of All That Falls (The Licanius Trilogy, #3)",James Islington,,9780356507835,5,4.41,Orbit,864.0,2019.0,2019.0,2020-10-30,2020-10-28,read,1
22443261,"The Rithmatist (The Rithmatist, #1)",Brandon Sanderson,,,5,4.24,Tor UK,353.0,2014.0,2013.0,2020-10-30,2020-07-05,read,1
32498052,"An Echo of Things to Come (The Licanius Trilogy, #2)",James Islington,0316274119,9780316274111,5,4.25,Orbit,752.0,2017.0,2017.0,2020-10-28,2020-10-25,read,1
22878967,"The Shadow of What Was Lost (The Licanius Trilogy, #1)",James Islington,099258020X,9780992580209,5,4.14,Aslaradis Publishing,602.0,2014.0,2014.0,2020-10-25,2020-10-21,read,1
25300956,"Royal Assassin (Farseer Trilogy, #2)",Robin Hobb,,,4,4.25,Spectra,675.0,2002.0,1996.0,2020-10-21,2020-09-21,read,1
18144590,The Alchemist,Paulo Coelho,0062315005,9780062315007,4,3.9,HarperOne,175.0,2014.0,1988.0,,2020-02-26,read,1
48717744,"The Tower of Nero (The Trials of Apollo, #5)",Rick Riordan,1484746457,9781484746455,5,4.52,Disney-Hyperion,410.0,2020.0,2020.0,2020-10-08,2020-04-24,read,1
18966806,"Morning Star (Red Rising Saga, #3)",Pierce Brown,0345539842,9780345539847,5,4.48,Del Rey,524.0,2016.0,2016.0,,2020-09-29,read,1
18966819,"Golden Son (Red Rising Saga, #2)",Pierce Brown,0345539826,9780345539823,5,4.44,Del Rey,430.0,2015.0,2015.0,2020-09-30,2020-09-29,read,1
77197,"Assassin's Apprentice (Farseer Trilogy, #1)",Robin Hobb,055357339X,9780553573398,5,4.17,Spectra Books,435.0,1996.0,1995.0,2020-09-21,2020-04-11,read,1
13642,"A Wizard of Earthsea (Earthsea Cycle, #1)",Ursula K. Le Guin,0553383043,9780553383041,0,4.01,,183.0,2004.0,1968.0,,2020-09-06,"gave_up, to-read",0
16248068,"The Elite (The Selection, #2)",Kiera Cass,0062059963,9780062059963,3,3.97,HarperTeen,336.0,2013.0,2013.0,2020-08-30,2020-08-30,read,1
15820748,"The Prince (The Selection, #0.5)",Kiera Cass,0062248162,9780062248169,5,3.91,HarperTeen,64.0,2013.0,2013.0,2020-08-31,2020-08-31,read,1
10507293,"The Selection (The Selection, #1)",Kiera Cass,0062059939,9780062059932,4,4.1,HarperTeen,336.0,2012.0,2012.0,2020-08-30,2020-08-29,read,1
91477,"Fool Moon (The Dresden Files, #2)",Jim Butcher,0451458125,9780451458124,4,3.99,Roc,401.0,2001.0,2001.0,2020-08-29,2020-08-25,read,1
23397921,Sixth of the Dusk (The Cosmere),Brandon Sanderson,,,4,4.24,"Dragonsteel Entertainment, LLC",59.0,2014.0,2014.0,2020-08-27,2020-08-21,read,1
40772063,"The Lost Sisters (The Folk of the Air, #1.5)",Holly Black,,9780316310444,4,3.46,NOVL,50.0,2018.0,2018.0,2020-08-27,2020-08-26,read,1
187065,"New Spring (The Wheel of Time, #0)",Robert Jordan,1841492612,9781841492612,4,4.05,Orbit,423.0,2004.0,2004.0,2020-08-26,2020-07-08,read,1
47212,"Storm Front (The Dresden Files, #1)",Jim Butcher,0451457811,9780451457813,5,3.98,Penguin ROC,355.0,2000.0,2000.0,2020-08-25,2020-08-25,read,1
21411388,Shadows for Silence in the Forests of Hell,Brandon Sanderson,,,5,4.19,Tor Books,50.0,2013.0,2013.0,2020-08-25,2020-08-21,read,1
37640636,"Lies of the Beholder (Legion, #3)",Brandon Sanderson,159606885X,9781596068858,5,4.13,Subterranean Press,148.0,2018.0,2018.0,2020-08-22,2020-07-05,read,1
20886354,"Skin Deep (Legion, #2)",Brandon Sanderson,,,5,4.13,Subterranean Press ,208.0,2014.0,2014.0,2020-08-22,2020-07-05,read,1
13452375,"Legion (Legion, #1)",Brandon Sanderson,1596064854,9781596064850,5,4.14,Subterranean Press,88.0,2012.0,2012.0,2020-08-22,2020-07-05,read,1
28862254,"White Sand, Volume 1 (White Sand, #1)",Brandon Sanderson,1606908855,9781606908853,0,3.63,Dynamic Forces,160.0,2016.0,2016.0,,2020-08-21,to-read,0
30165203,"American Gods (American Gods, #1)",Neil Gaiman,,,0,4.11,William Morrow,635.0,2011.0,2001.0,,2020-08-21,to-read,0
18361393,"Redemption (Infinity Blade, #2)",Brandon Sanderson,0983943028,9780983943020,5,3.84,ChAIR Entertainment Group,200.0,2013.0,2013.0,2020-08-21,2020-07-10,read,1
12796771,"Awakening (Infinity Blade, #1)",Brandon Sanderson,,,4,3.87,ChAIR Entertainment Group,128.0,2011.0,2011.0,2020-08-21,2020-07-10,read,1
8868764,White Sand,Brandon Sanderson,,,4,4.13,Brandon Sanderson,995.0,,,2020-08-20,2020-08-11,read,1
20168816,Rogues,George R.R. Martin,0345537262,9780345537263,0,3.88,Bantam Books,806.0,2014.0,2014.0,,2020-07-08,to-read,0
68378,"Dragons of Spring Dawning (Dragonlance: Chronicles, #3)",Margaret Weis,0786930705,9780786930708,0,4.13,Wizards of the Coast,352.0,2003.0,1985.0,,2020-08-10,to-read,0
259836,"Dragons of Autumn Twilight  (Dragonlance: Chronicles, #1)",Margaret Weis,0786915749,9780786915743,0,4.0,Wizards of the Coast,444.0,2000.0,1984.0,,2020-08-10,to-read,0
23454,"Dragons of Winter Night (Dragonlance: Chronicles, #2)",Margaret Weis,1932796789,9781932796780,0,4.13,Devil's Due Publishing,358.0,2007.0,1985.0,,2020-08-10,to-read,0
8253920,"Towers of Midnight (The Wheel of Time, #13)",Robert Jordan,0765325942,9780765325945,5,4.46,Tom Doherty Associates TOR Fantasy,863.0,2010.0,2010.0,2020-08-09,2020-07-08,read,1
13888,"Knife of Dreams (The Wheel of Time, #11)",Robert Jordan,0812577566,9780812577563,4,4.18,Tom Doherty Associates,860.0,2006.0,2005.0,2020-08-06,2020-07-08,read,1
113435,"Crossroads of Twilight (The Wheel of Time, #10)",Robert Jordan,0312864590,9780312864590,4,3.8,Tor Books,704.0,2003.0,2003.0,2020-08-04,2020-07-08,read,1
13891,"Winter's Heart (The Wheel of Time, #9)",Robert Jordan,081257558X,9780812575583,5,3.96,Tor Fantasy,780.0,2002.0,2000.0,2020-08-04,2020-07-08,read,1
140974,"The Path of Daggers (The Wheel of Time, #8)",Robert Jordan,0812550293,9780812550290,4,3.92,Tor Books,685.0,1999.0,1998.0,2020-08-03,2020-07-08,read,1
13890,"A Crown of Swords (The Wheel of Time, #7)",Robert Jordan,0812550285,9780812550283,5,4.06,Tor Books,880.0,1997.0,1996.0,2020-08-02,2020-07-08,read,2
35231,"Lord of Chaos (The Wheel of Time, #6)",Robert Jordan,0812513754,9780812513752,5,4.17,Tom Doherty Associates,1011.0,1995.0,1994.0,2020-07-31,2020-07-08,read,1
8074907,"The Thorn of Emberlain (Gentleman Bastard, #4)",Scott Lynch,0575079584,9780575079588,0,4.3,Gollancz,512.0,,,,2020-07-31,to-read,0
40604556,"Red Seas Under Red Skies (Gentleman Bastard, #2)",Scott Lynch,,,0,4.24,Del Rey,578.0,2018.0,2007.0,,2020-07-31,to-read,0
2890090,"The Republic of Thieves (Gentleman Bastard, #3)",Scott Lynch,0553804693,9780553804690,0,4.22,Del Rey,650.0,2013.0,2013.0,,2020-07-31,to-read,0
29588376,"The Lies of Locke Lamora (Gentleman Bastard, #1)",Scott Lynch,,,0,4.29,Spectra,752.0,2006.0,2006.0,,2020-07-31,to-read,0
13895,"The Fires of Heaven (The Wheel of Time, #5)",Robert Jordan,1857232097,9781857232097,4,4.18,Orbit,912.0,1994.0,1993.0,2020-07-29,2020-07-08,read,1
9539,"The Shadow Rising (The Wheel of Time, #4)",Robert Jordan,0812513738,9780812513738,5,4.26,Tom Doherty Tor Fantasy,1007.0,1993.0,1992.0,2020-07-28,2020-07-08,read,1
34897,"The Dragon Reborn (The Wheel of Time, #3)",Robert Jordan,0765305119,9780765305114,5,4.27,Tor Books,624.0,2002.0,1991.0,2020-07-25,2020-07-08,read,1
233649,"The Great Hunt (The Wheel of Time, #2)",Robert Jordan,0812517725,9780812517729,5,4.25,Tor Books,705.0,1991.0,1990.0,2020-07-23,2020-04-11,read,1
15704486,"Calamity (Reckoners, #3)",Brandon Sanderson,0385743602,9780385743600,5,4.18,Delacorte Press,424.0,2016.0,2016.0,2020-07-15,2020-07-05,read,1
18966322,"Mitosis (The Reckoners, #1.5)",Brandon Sanderson,0449818438,9780449818435,5,3.86,Delacorte Press,55.0,2013.0,2013.0,2020-07-15,2020-07-05,read,1
15704459,"Firefight (The Reckoners, #2)",Brandon Sanderson,0385743580,9780385743587,5,4.26,Delacorte Press,416.0,2015.0,2015.0,2020-07-15,2020-07-05,read,1
17182126,"Steelheart (The Reckoners, #1)",Brandon Sanderson,0385743564,9780385743563,5,4.14,Delacorte Press,386.0,2013.0,2013.0,2020-07-14,2020-07-05,read,1
6382055,"A Dream of Spring (A Song of Ice and Fire, #7)",George R.R. Martin,,,0,4.36,Harper Voyager,,,,,2020-07-13,to-read,0
12111823,"The Winds of Winter (A Song of Ice and Fire, #6)",George R.R. Martin,0002247410,9780002247412,0,4.4,Harper Voyager,,,,,2020-07-13,to-read,0
54433225,The Way of Kings Prime,Brandon Sanderson,,,0,4.0,,803.0,2020.0,2020.0,,2020-07-13,to-read,0
8675071,"The Strike at Shayol Ghul (The Wheel of Time, #0.1)",Robert Jordan,,,0,3.89,,7.0,1996.0,1996.0,,2020-07-08,to-read,0
36498720,How Old Holly Came to Be,Patrick Rothfuss,,,0,3.26,,11.0,2013.0,2013.0,,2020-07-08,to-read,0
21032488,"The Doors of Stone (The Kingkiller Chronicle, #3)",Patrick Rothfuss,0575081449,9780575081444,0,3.58,Gollancz,896.0,,,,2020-07-08,to-read,0
6604209,"Mistborn Trilogy Boxed Set (Mistborn, #1-3)",Brandon Sanderson,076536543X,9780765365439,0,4.58,Tor Fantasy,2176.0,2009.0,2009.0,,2020-07-05,read,1
87787,To Kill A Mockingbird,Harper Lee,0333398548,9780333398548,0,4.27,Red Globe Press/Macmillan Master Series,96.0,1987.0,1960.0,,2020-04-12,to-read,0
18739426,"The Bands of Mourning (Mistborn, #6)",Brandon Sanderson,,,5,4.42,Tor,448.0,2016.0,2016.0,2020-07-03,2020-07-01,read,1
16065004,"Shadows of Self (Mistborn, #5)",Brandon Sanderson,0765378558,9780765378552,5,4.29,Tor Books,383.0,2015.0,2015.0,2020-07-01,2020-06-30,read,1
10803121,"The Alloy of Law (Mistborn, #4)",Brandon Sanderson,0765330423,9780765330420,5,4.21,Tor Books,332.0,2011.0,2011.0,2020-06-30,2020-06-30,read,1
34703445,"Edgedancer (The Stormlight Archive, #2.5)",Brandon Sanderson,1250166543,9781250166548,5,4.25,Tor Books,272.0,2017.0,2017.0,2020-06-26,2020-05-25,read,1
13578175,The Emperor's Soul (The Cosmere),Brandon Sanderson,1616960922,9781616960926,5,4.37,Tachyon Publications,175.0,2012.0,2012.0,2020-06-20,2020-06-19,read,1
34002132,"Oathbringer (The Stormlight Archive, #3)",Brandon Sanderson,076532637X,9780765326379,5,4.61,Tor Books,1248.0,2017.0,2017.0,2020-06-19,2020-05-25,read,1
7260188,"Mockingjay (The Hunger Games, #3)",Suzanne Collins,0439023513,9780439023511,4,4.06,Scholastic Press,398.0,2010.0,2010.0,2020-06-14,2020-02-26,read,1
6148028,"Catching Fire (The Hunger Games, #2)",Suzanne Collins,0439023491,9780439023498,5,4.3,Scholastic Press,391.0,2009.0,2009.0,2020-05-23,2020-02-26,read,1
68427,"Elantris (Elantris, #1)",Brandon Sanderson,0765350378,9780765350374,5,4.19,Tor Fantasy,622.0,2006.0,2005.0,2020-05-23,2020-04-13,read,1
2767052,"The Hunger Games (The Hunger Games, #1)",Suzanne Collins,0439023483,9780439023481,5,4.32,Scholastic Press,374.0,2008.0,2008.0,2020-05-11,2020-02-26,read,1
33590260,"Kingdom of Ash (Throne of Glass, #7)",Sarah J. Maas,1619636107,9781619636101,4,4.62,Bloomsbury YA,980.0,2018.0,2018.0,2020-05-05,2020-04-11,read,1
22733616,"Neverseen (Keeper of the Lost Cities, #4)",Shannon Messenger,,,4,4.62,Aladdin,672.0,2015.0,2015.0,2020-05-05,2020-04-26,read,1
13260668,"Everblaze (Keeper of the Lost Cities, #3)",Shannon Messenger,1442445998,9781442445994,5,4.54,Aladdin,624.0,2014.0,2014.0,2020-05-03,2020-04-26,read,1
13260670,"Exile (Keeper of the Lost Cities, #2)",Shannon Messenger,,9781442445987,5,4.51,Aladdin,576.0,2013.0,2013.0,2020-05-02,2020-04-26,read,1
28006096,"The Burning Maze (The Trials of Apollo, #3)",Rick Riordan,1484746430,9781368024129,5,4.31,Disney-Hyperion,448.0,2018.0,2018.0,2020-05-01,2020-04-24,read,1
12842828,"Keeper of the Lost Cities (Keeper of the Lost Cities, #1)",Shannon Messenger,1442445939,9781442445932,5,4.43,Aladdin,496.0,2012.0,2012.0,2020-04-30,2020-04-26,read,1
30145666,"The Dark Prophecy (The Trials of Apollo, #2)",Rick Riordan,1484746422,9781484746424,5,4.18,Disney-Hyperion,414.0,2017.0,2017.0,2020-04-28,2020-04-24,read,1
44150974,"Legacy (Keeper of the Lost Cities, #8)",Shannon Messenger,,,0,4.5,Aladdin,797.0,2019.0,2019.0,,2020-04-26,to-read,0
32762937,"Flashback (Keeper of the Lost Cities, #7)",Shannon Messenger,1481497456,9781481497459,0,4.39,Aladdin,848.0,2018.0,2018.0,,2020-04-26,to-read,0
32762917,"Nightfall (Keeper of the Lost Cities, #6)",Shannon Messenger,1481497421,9781481497428,0,4.58,Aladdin,576.0,2017.0,2017.0,,2020-04-26,to-read,0
27272698,"Lodestar (Keeper of the Lost Cities, #5)",Shannon Messenger,,,0,4.57,Aladdin,688.0,2016.0,2016.0,,2020-04-26,to-read,0
518848,"Sabriel (Abhorsen,  #1)",Garth Nix,0064471837,9780064471831,0,4.16,Harper Collins,491.0,1996.0,1995.0,,2020-04-24,to-read,0
26252859,"The Hidden Oracle (The Trials of Apollo, #1)",Rick Riordan,148473274X,9781484732748,5,4.19,Disney-Hyperion,384.0,2016.0,2016.0,2020-04-24,2020-04-22,read,1
31450852,"Tower of Dawn (Throne of Glass, #6)",Sarah J. Maas,1681195771,9781681195773,4,4.27,Bloomsbury USA Childrens,660.0,2017.0,2017.0,2020-04-24,2020-04-11,read,1
28260587,"Empire of Storms (Throne of Glass, #5)",Sarah J. Maas,,,4,4.57,Bloomsbury Children's Books,689.0,2016.0,2016.0,2020-04-22,2020-04-11,read,1
18006496,"Queen of Shadows (Throne of Glass, #4)",Sarah J. Maas,1619636042,9781619636040,4,4.56,Bloomsbury USA Childrens,648.0,2015.0,2015.0,2020-04-18,2020-04-11,read,1
37903770,Norse Mythology,Neil Gaiman,,,0,4.1,W. W. Norton & Company,301.0,2018.0,2017.0,,2020-04-13,to-read,0
16793,Stardust,Neil Gaiman,0061142026,9780061142024,0,4.1,Harper Perennial,248.0,2006.0,1998.0,,2020-04-13,to-read,0
20613470,"Heir of Fire (Throne of Glass, #3)",Sarah J. Maas,1619630656,9781619630659,5,4.46,Bloomsbury USA Childrens,565.0,2014.0,2014.0,2020-04-13,2020-04-10,read,1
21787,The Princess Bride,William Goldman,0345418263,9780345418265,0,4.26,Ballantine Books,456.0,2003.0,1973.0,,2020-04-11,to-read,0
31076583,"A Court of Frost and Starlight (A Court of Thorns and Roses, #3.1)",Sarah J. Maas,168119631X,9781681196312,0,3.8,Bloomsbury YA,229.0,2018.0,2018.0,,2020-04-11,to-read,0
23766634,"A Court of Wings and Ruin (A Court of Thorns and Roses, #3)",Sarah J. Maas,1408857901,9781408857908,0,4.44,Bloomsbury Publishing,705.0,2017.0,2017.0,,2020-04-11,to-read,0
16096824,"A Court of Thorns and Roses (A Court of Thorns and Roses, #1)",Sarah J. Maas,1619634449,9781619634442,0,4.2,Bloomsbury USA Childrens,432.0,2015.0,2015.0,,2020-04-11,to-read,0
17927395,"A Court of Mist and Fury (A Court of Thorns and Roses, #2)",Sarah J. Maas,,,0,4.62,Bloomsbury USA Childrens,626.0,2016.0,2016.0,,2020-04-11,to-read,0
3777732,"City of Glass (The Mortal Instruments, #3)",Cassandra Clare,1416914307,9781416914303,0,4.29,Margaret K. McElderry Books,541.0,2009.0,2009.0,,2020-04-11,to-read,0
11127,"The Chronicles of Narnia (Chronicles of Narnia, #1-7)",C.S. Lewis,0066238501,9780066238500,0,4.27,HarperCollins,767.0,2014.0,1956.0,,2020-04-11,to-read,0
3950967,The Tales of Beedle the Bard,J.K. Rowling,0747599874,9780747599876,0,4.05,Bloomsbury,105.0,2008.0,2008.0,,2020-04-11,read,1
7332,The Silmarillion,J.R.R. Tolkien,0618391118,9780618391110,0,3.98,Houghton Mifflin Company,386.0,2004.0,1977.0,,2020-04-11,to-read,0
29056083,"Harry Potter and the Cursed Child: Parts One and Two (Harry Potter, #8)",John Tiffany,,,0,3.52,"Little, Brown",343.0,2016.0,2016.0,,2020-04-11,read,1
3236307,"Graceling (Graceling Realm, #1)",Kristin Cashore,,9780152063962,0,4.07,Harcourt,471.0,2008.0,2008.0,,2020-04-11,to-read,0
33,The Lord of the Rings,J.R.R. Tolkien,,,0,4.52,Houghton Mifflin Harcourt,1216.0,2005.0,1955.0,,2020-04-11,to-read,0
18512,"The Return of the King (The Lord of the Rings, #3)",J.R.R. Tolkien,,,0,4.55,Del Rey,404.0,2003.0,1955.0,,2020-04-11,to-read,0
17167166,"Crown of Midnight (Throne of Glass, #2)",Sarah J. Maas,1619630621,9781619630628,5,4.36,Bloomsbury USA Childrens,420.0,2013.0,2013.0,2020-04-10,2020-04-09,read,1
13419891,"The Assassin and the Desert (Throne of Glass, #0.3)",Sarah J. Maas,,,4,4.39,Bloomsbury USA Childrens,103.0,2012.0,2012.0,2020-04-09,2020-04-09,read,1
18333581,"The Assassin and the Healer (Throne of Glass, #0.2)",Sarah J. Maas,,,4,4.21,Bloomsbury Publishing,40.0,2013.0,2012.0,2020-04-10,2020-04-09,read,1
13546173,"The Assassin and the Underworld (Throne of Glass, #0.4)",Sarah J. Maas,,,5,4.35,Bloomsbury USA Childrens,102.0,2012.0,2012.0,2020-04-10,2020-04-09,read,1
13415554,"The Assassin and the Pirate Lord (Throne of Glass, #0.1)",Sarah J. Maas,,,4,4.22,Bloomsbury Children’s,70.0,2012.0,2012.0,2020-04-10,2020-04-09,read,2
13565676,"The Assassin and the Empire (Throne of Glass, #0.5)",Sarah J. Maas,,,5,4.41,Bloomsbury USA Children's,94.0,2012.0,2012.0,2020-04-09,2020-04-09,read,1
7896527,"Throne of Glass (Throne of Glass, #1)",Sarah J. Maas,,,5,4.19,Bloomsbury USA Children's,406.0,2012.0,2012.0,2020-04-09,2020-04-08,read,1
21535271,"The Slow Regard of Silent Things (The Kingkiller Chronicle, #2.5)",Patrick Rothfuss,0756410436,9780756410438,0,3.89,DAW Books,159.0,2014.0,2014.0,,2020-04-02,to-read,0
28006120,"The Ship of the Dead (Magnus Chase and the Gods of Asgard, #3)",Rick Riordan,1423160932,9781423160939,5,4.39,Disney-Hyperion Books,410.0,2017.0,2017.0,2020-04-02,2020-03-26,read,1
15724396,"The Sword of Summer (Magnus Chase and the Gods of Asgard, #1)",Rick Riordan,1423160916,9781423160915,5,4.24,Disney-Hyperion Books,499.0,2015.0,2015.0,2020-03-14,2020-03-10,read,1
27904311,"The Hammer of Thor (Magnus Chase and the Gods of Asgard, #2)",Rick Riordan,1423160924,9781423160922,4,4.33,Disney-Hyperion Books,459.0,2016.0,2016.0,2020-03-20,2020-03-14,read,1
6043781,"Blood of Elves (The Witcher, #1)",Andrzej Sapkowski,031602919X,9780316029193,5,4.1,Hachette Book Group,398.0,2009.0,1994.0,,2020-03-26,read,1
13027796,"The Red Pyramid: The Graphic Novel (The Kane Chronicles: The Graphic Novels, #1)",Orpheus Collar,1423150686,9781423150688,5,4.29,Disney-Hyperion,192.0,2012.0,2012.0,,2020-03-25,read,1
12127750,"The Mark of Athena (The Heroes of Olympus, #3)",Rick Riordan,1423140605,9781423140603,4,4.46,Disney-Hyperion Books,586.0,2012.0,2012.0,,2020-03-14,read,1
7736182,"The Lost Hero (The Heroes of Olympus, #1)",Rick Riordan,142311339X,9781423113393,4,4.32,Disney-Hyperion Books,553.0,2010.0,2010.0,,2020-03-01,read,1
1268716,Jane Eyre (Usborne Classics Retold),Anna Claybourne,0794518702,9780794518707,5,4.39,Usborne Books,176.0,2007.0,2006.0,,2020-02-28,read,1
30,J.R.R. Tolkien 4-Book Boxed Set: The Hobbit and The Lord of the Rings,J.R.R. Tolkien,0345538374,9780345538376,0,4.61,Ballantine Books,1728.0,2012.0,1955.0,,2020-02-26,to-read,0
43615,"The Gunslinger (The Dark Tower, #1)",Stephen King,,,0,3.93,Plume,231.0,2003.0,1982.0,,2020-02-26,to-read,0
11870085,The Fault in Our Stars,John Green,,,0,4.16,Dutton Books,313.0,2012.0,2012.0,,2020-02-26,to-read,0
7733,Gulliver's Travels: Travels into Several Remote Nations of the World.,Jonathan Swift,0141439491,9780141439495,0,3.58,Penguin,306.0,2003.0,1726.0,,2020-02-26,to-read,0
128029,A Thousand Splendid Suns,Khaled Hosseini,1594489505,9781594489501,0,4.41,Riverhead Books,372.0,2007.0,2007.0,,2020-02-26,to-read,0
77203,The Kite Runner,Khaled Hosseini,,,0,4.33,Riverhead Books,371.0,2004.0,2003.0,,2020-02-26,to-read,0
35031085,Frankenstein: The 1818 Text,Mary Wollstonecraft Shelley,,,0,3.84,Penguin Classics,260.0,2018.0,1818.0,,2020-02-26,to-read,0
49041,"New Moon (The Twilight Saga, #2)",Stephenie Meyer,,,0,3.58,"Little, Brown and Company",563.0,2006.0,2006.0,,2020-02-26,to-read,0
41865,"Twilight (The Twilight Saga, #1)",Stephenie Meyer,0316015849,9780316015844,0,3.63,"Little, Brown and Company",498.0,2006.0,2005.0,,2020-02-26,to-read,0
